time_n,cent_xn,ave_xn,time_e,back_xe,front_xe,ave_xe
0,0.000574594,1.20E-05,0.067,0,0,0
0.001000001,0.000577609,4.15E-05,0.133,0.194164309,0.078501362,0.136332835
0.002000001,0.000592194,1.10E-05,0.200,0.485877288,0.316449107,0.401163198
0.003000001,0.000603681,5.55E-05,0.267,0.828705146,0.615254747,0.721979946
0.004000001,0.000613675,-2.35E-05,0.333,1.20915034,0.91705783,1.063104085
0.005000001,0.00062312,-2.24E-04,0.400,1.580268282,1.277909588,1.429088935
0.006000001,0.000635101,7.98E-04,0.467,2.056340848,1.687161683,1.871751265
0.007000001,0.000651516,3.03E-03,0.533,2.448059655,2.125961923,2.287010789
0.008000001,0.000668899,2.58E-03,0.600,3.018476897,2.497716634,2.758096766
0.009000001,0.000691333,1.21E-03,0.667,3.580934287,3.012075157,3.296504722
0.01,0.000720489,-4.43E-03,0.733,4.142913288,3.439981275,3.791447282
0.011,0.000760326,-5.75E-03,0.800,4.647519309,3.983338424,4.315428867
0.012,0.000814057,-5.24E-03,0.867,5.181238565,4.582926724,4.882082644
0.013,0.000886416,-6.79E-03,0.933,5.790506516,5.041535686,5.416021101
0.014,0.000977143,-7.40E-03,1.000,6.429850152,5.565436536,5.997643344
0.015,0.001089517,-1.09E-02,1.067,6.944611091,6.109719432,6.527165261
0.016,0.00122366,-1.21E-02,1.133,7.525619292,6.719180616,7.122399954
0.017,0.001376265,-1.14E-02,1.200,8.078441494,7.270730215,7.674585855
0.018,0.001548072,-1.65E-02,1.267,8.717633579,7.785557173,8.251595376
0.019,0.001748365,-2.22E-02,1.333,9.278864306,8.339317716,8.809091011
0.02,0.001976821,-2.85E-02,1.400,9.821117052,8.9669452,9.394031126
0.021,0.002242901,-3.61E-02,1.467,10.37325029,9.499952714,9.936601502
0.022,0.002543834,-4.39E-02,1.533,11.00358217,10.03379227,10.51868722
0.023,0.00289703,-4.86E-02,1.600,11.51914165,10.62689349,11.07301757
0.024,0.003312107,-5.31E-02,1.667,12.05257599,11.19833044,11.62545322
0.025,0.003782646,-5.83E-02,,,,
0.026,0.004290131,-6.19E-02,,,,
0.027,0.004825721,-6.63E-02,,,,
0.028,0.005409366,-7.00E-02,,,,
0.029,0.006010449,-7.21E-02,,,,
0.03,0.006659776,-6.60E-02,,,,
0.031,0.007325,-6.04E-02,,,,
0.032,0.007995141,-5.64E-02,,,,
0.033,0.008743737,-4.91E-02,,,,
0.034,0.00949487,-4.42E-02,,,,
0.035,0.01027823,-4.07E-02,,,,
0.036,0.01109432,-3.60E-02,,,,
0.037,0.01191831,-3.26E-02,,,,
0.038,0.01279635,-2.86E-02,,,,
0.039,0.01368925,-2.55E-02,,,,
0.04,0.01465023,-2.46E-02,,,,
0.041,0.01560085,-2.03E-02,,,,
0.042,0.01659232,-1.78E-02,,,,
0.043,0.01755876,-1.53E-02,,,,
0.044,0.01866305,-1.55E-02,,,,
0.045,0.01975249,-1.44E-02,,,,
0.046,0.02083408,-1.50E-02,,,,
0.047,0.02192138,-1.15E-02,,,,
0.048,0.02305952,-7.92E-03,,,,
0.049,0.0242407,-5.84E-03,,,,
0.05,0.0253997,-1.73E-03,,,,
0.051,0.02658692,1.59E-03,,,,
0.052,0.0278371,3.20E-03,,,,
0.053,0.0290235,3.98E-03,,,,
0.054,0.03027835,5.40E-03,,,,
0.055,0.0315231,6.48E-03,,,,
0.056,0.03275504,8.10E-03,,,,
0.057,0.03402542,9.93E-03,,,,
0.058,0.03528928,1.26E-02,,,,
0.059,0.03658353,1.38E-02,,,,
0.06,0.03788036,1.12E-02,,,,
0.061,0.03919138,1.30E-02,,,,
0.062,0.04050694,1.08E-02,,,,
0.063,0.04182986,8.00E-03,,,,
0.064,0.04314719,6.74E-03,,,,
0.065,0.0445653,6.87E-03,,,,
0.066,0.04597004,7.31E-03,,,,
0.067,0.04742118,5.63E-03,,,,
0.068,0.04881303,1.81E-03,,,,
0.069,0.05027884,-1.47E-03,,,,
0.07,0.05173698,-2.03E-03,,,,
0.071,0.0532393,-4.66E-03,,,,
0.072,0.05474205,-5.40E-03,,,,
0.073,0.05632119,-3.76E-03,,,,
0.074,0.05783041,-3.92E-04,,,,
0.075,0.05934985,1.68E-03,,,,
0.076,0.06097823,5.79E-03,,,,
0.077,0.06253381,1.21E-02,,,,
0.078,0.06422744,1.85E-02,,,,
0.079,0.06584349,2.21E-02,,,,
0.08,0.06748139,2.54E-02,,,,
0.081,0.06914873,2.60E-02,,,,
0.082,0.07080362,2.78E-02,,,,
0.083,0.07253092,2.97E-02,,,,
0.084,0.07422632,2.65E-02,,,,
0.085,0.07600908,2.20E-02,,,,
0.086,0.07777374,2.35E-02,,,,
0.087,0.07951781,2.64E-02,,,,
0.088,0.08133515,3.12E-02,,,,
0.089,0.08317828,3.30E-02,,,,
0.09,0.0849386,3.30E-02,,,,
0.091,0.08680804,3.39E-02,,,,
0.092,0.08868976,3.35E-02,,,,
0.093,0.09055116,3.42E-02,,,,
0.094,0.09248056,3.71E-02,,,,
0.095,0.09439325,4.10E-02,,,,
0.096,0.09626575,4.27E-02,,,,
0.097,0.09817665,4.60E-02,,,,
0.098,0.1001865,4.73E-02,,,,
0.099,0.1021917,4.71E-02,,,,
0.1,0.1041325,4.34E-02,,,,
0.101,0.1061682,3.35E-02,,,,
0.102,0.1082178,2.61E-02,,,,
0.103,0.1103597,2.54E-02,,,,
0.104,0.1123869,2.52E-02,,,,
0.105,0.1145079,3.53E-02,,,,
0.106,0.1166003,5.11E-02,,,,
0.107,0.1187126,5.35E-02,,,,
0.108,0.1209573,5.54E-02,,,,
0.109,0.1231215,5.91E-02,,,,
0.11,0.1253858,6.01E-02,,,,
0.111,0.1276,6.20E-02,,,,
0.112,0.1299152,6.57E-02,,,,
0.113,0.132165,6.96E-02,,,,
0.114,0.1344847,7.59E-02,,,,
0.115,0.1366797,7.75E-02,,,,
0.116,0.1391367,8.05E-02,,,,
0.117,0.1414618,8.51E-02,,,,
0.118,0.1437943,9.14E-02,,,,
0.119,0.146225,9.28E-02,,,,
0.12,0.1485789,9.61E-02,,,,
0.121,0.1510669,9.96E-02,,,,
0.122,0.1534612,1.02E-01,,,,
0.123,0.1559254,1.06E-01,,,,
0.124,0.1583743,1.08E-01,,,,
0.125,0.1608393,1.10E-01,,,,
0.126,0.1634295,1.08E-01,,,,
0.127,0.1658731,1.05E-01,,,,
0.128,0.1684496,1.09E-01,,,,
0.129,0.17101,1.14E-01,,,,
0.13,0.1735754,1.16E-01,,,,
0.131,0.1761423,1.17E-01,,,,
0.132,0.1788063,1.21E-01,,,,
0.133,0.1813448,1.24E-01,,,,
0.134,0.1839733,1.28E-01,,,,
0.135,0.18668,1.34E-01,,,,
0.136,0.1892959,1.39E-01,,,,
0.137,0.1919351,1.43E-01,,,,
0.138,0.1946631,1.47E-01,,,,
0.139,0.1974006,1.51E-01,,,,
0.14,0.2000868,1.55E-01,,,,
0.141,0.202767,1.58E-01,,,,
0.142,0.2055552,1.59E-01,,,,
0.143,0.2083395,1.62E-01,,,,
0.144,0.2110957,1.65E-01,,,,
0.145,0.2139376,1.67E-01,,,,
0.146,0.2166247,1.68E-01,,,,
0.147,0.219463,1.69E-01,,,,
0.148,0.2223047,1.69E-01,,,,
0.149,0.2251064,1.71E-01,,,,
0.15,0.2279374,1.72E-01,,,,
0.151,0.2308345,1.77E-01,,,,
0.152,0.2336961,1.79E-01,,,,
0.153,0.2365328,1.83E-01,,,,
0.154,0.2395024,1.85E-01,,,,
0.155,0.242403,1.86E-01,,,,
0.156,0.2452986,1.86E-01,,,,
0.157,0.2482993,1.88E-01,,,,
0.158,0.251238,1.89E-01,,,,
0.159,0.2541739,1.92E-01,,,,
0.16,0.2572912,1.95E-01,,,,
0.161,0.2602425,1.97E-01,,,,
0.162,0.2633363,2.01E-01,,,,
0.163,0.2663357,2.05E-01,,,,
0.164,0.2693896,2.07E-01,,,,
0.165,0.2724725,2.07E-01,,,,
0.166,0.275584,2.10E-01,,,,
0.167,0.2786499,2.14E-01,,,,
0.168,0.2818413,2.19E-01,,,,
0.169,0.2849982,2.26E-01,,,,
0.17,0.2881907,2.34E-01,,,,
0.171,0.2913683,2.39E-01,,,,
0.172,0.2945918,2.43E-01,,,,
0.173,0.2978302,2.46E-01,,,,
0.174,0.3010075,2.49E-01,,,,
0.175,0.3041987,2.49E-01,,,,
0.176,0.3074955,2.53E-01,,,,
0.177,0.3107395,2.58E-01,,,,
0.178,0.3139988,2.64E-01,,,,
0.179,0.317278,2.68E-01,,,,
0.18,0.3205795,2.69E-01,,,,
0.181,0.3238969,2.71E-01,,,,
0.182,0.3272384,2.72E-01,,,,
0.183,0.3305744,2.81E-01,,,,
0.184,0.3339407,2.82E-01,,,,
0.185,0.3373113,2.85E-01,,,,
0.186,0.3406934,2.90E-01,,,,
0.187,0.3441401,2.90E-01,,,,
0.188,0.3475886,2.88E-01,,,,
0.189,0.351025,2.87E-01,,,,
0.19,0.3544738,2.85E-01,,,,
0.191,0.3579177,2.86E-01,,,,
0.192,0.3614638,2.95E-01,,,,
0.193,0.3649764,3.01E-01,,,,
0.194,0.3684617,3.03E-01,,,,
0.195,0.3720056,3.06E-01,,,,
0.196,0.3755655,3.11E-01,,,,
0.197,0.37914,3.15E-01,,,,
0.198,0.3827315,3.19E-01,,,,
0.199,0.3863433,3.26E-01,,,,
0.2,0.3899741,3.30E-01,,,,
0.201,0.3936246,3.33E-01,,,,
0.202,0.3972964,3.34E-01,,,,
0.203,0.4009903,3.41E-01,,,,
0.204,0.4047053,3.48E-01,,,,
0.205,0.4084352,3.50E-01,,,,
0.206,0.4121786,3.53E-01,,,,
0.207,0.4159324,3.55E-01,,,,
0.208,0.4196968,3.62E-01,,,,
0.209,0.4234731,3.67E-01,,,,
0.21,0.4272614,3.73E-01,,,,
0.211,0.431065,3.82E-01,,,,
0.212,0.4348828,3.87E-01,,,,
0.213,0.438714,3.92E-01,,,,
0.214,0.4425616,3.95E-01,,,,
0.215,0.4464182,4.00E-01,,,,
0.216,0.450292,4.07E-01,,,,
0.217,0.4541815,4.05E-01,,,,
0.218,0.4580876,4.08E-01,,,,
0.219,0.4620075,4.13E-01,,,,
0.22,0.4659417,4.16E-01,,,,
0.221,0.4698892,4.22E-01,,,,
0.222,0.4738525,4.27E-01,,,,
0.223,0.4778278,4.29E-01,,,,
0.224,0.4818142,4.34E-01,,,,
0.225,0.4858157,4.37E-01,,,,
0.226,0.489834,4.40E-01,,,,
0.227,0.4938659,4.44E-01,,,,
0.228,0.4979183,4.47E-01,,,,
0.229,0.50199,4.52E-01,,,,
0.23,0.5060832,4.58E-01,,,,
0.231,0.5101931,4.61E-01,,,,
0.232,0.5143201,4.66E-01,,,,
0.233,0.5184607,4.66E-01,,,,
0.234,0.5226151,4.65E-01,,,,
0.235,0.5267818,4.67E-01,,,,
0.236,0.5309608,4.70E-01,,,,
0.237,0.5351547,4.73E-01,,,,
0.238,0.5393682,4.79E-01,,,,
0.239,0.5435984,4.84E-01,,,,
0.24,0.547848,4.90E-01,,,,
0.241,0.5521156,4.94E-01,,,,
0.242,0.5563993,4.98E-01,,,,
0.243,0.560698,4.99E-01,,,,
0.244,0.5650131,5.00E-01,,,,
0.245,0.5693426,5.04E-01,,,,
0.246,0.5736861,5.06E-01,,,,
0.247,0.5780452,5.10E-01,,,,
0.248,0.5824181,5.16E-01,,,,
0.249,0.5868155,5.20E-01,,,,
0.25,0.5912046,5.25E-01,,,,
0.251,0.5956393,5.29E-01,,,,
0.252,0.6000858,5.37E-01,,,,
0.253,0.6045334,5.44E-01,,,,
0.254,0.6089903,5.46E-01,,,,
0.255,0.6134851,5.51E-01,,,,
0.256,0.6179721,5.56E-01,,,,
0.257,0.6224891,5.61E-01,,,,
0.258,0.6270811,5.63E-01,,,,
0.259,0.631614,5.67E-01,,,,
0.26,0.6361986,5.71E-01,,,,
0.261,0.6407547,5.76E-01,,,,
0.262,0.645368,5.82E-01,,,,
0.263,0.6500553,5.88E-01,,,,
0.264,0.654673,5.92E-01,,,,
0.265,0.659312,6.01E-01,,,,
0.266,0.6640095,6.08E-01,,,,
0.267,0.6686261,6.15E-01,,,,
0.268,0.6733441,6.20E-01,,,,
0.269,0.6780875,6.25E-01,,,,
0.27,0.6828587,6.29E-01,,,,
0.271,0.6876115,6.33E-01,,,,
0.272,0.6924205,6.39E-01,,,,
0.273,0.6972053,6.45E-01,,,,
0.274,0.7020478,6.50E-01,,,,
0.275,0.7068792,6.57E-01,,,,
0.276,0.7117188,6.65E-01,,,,
0.277,0.716571,6.72E-01,,,,
0.278,0.7214092,6.81E-01,,,,
0.279,0.7262825,6.91E-01,,,,
0.28,0.7311722,6.98E-01,,,,
0.281,0.7360723,7.07E-01,,,,
0.282,0.7409702,7.14E-01,,,,
0.283,0.7458854,7.20E-01,,,,
0.284,0.7508185,7.23E-01,,,,
0.285,0.755766,7.28E-01,,,,
0.286,0.760724,7.33E-01,,,,
0.287,0.7656875,7.37E-01,,,,
0.288,0.7706559,7.40E-01,,,,
0.289,0.7756359,7.44E-01,,,,
0.29,0.7806282,7.49E-01,,,,
0.291,0.785631,7.57E-01,,,,
0.292,0.790645,7.60E-01,,,,
0.293,0.7956698,7.63E-01,,,,
0.294,0.800707,7.67E-01,,,,
0.295,0.8057577,7.70E-01,,,,
0.296,0.8108506,7.68E-01,,,,
0.297,0.8159439,7.69E-01,,,,
0.298,0.8210323,7.78E-01,,,,
0.299,0.8261238,7.81E-01,,,,
0.3,0.8312269,7.82E-01,,,,
0.301,0.8363438,7.93E-01,,,,
0.302,0.8414598,8.00E-01,,,,
0.303,0.8465941,8.05E-01,,,,
0.304,0.8517319,8.11E-01,,,,
0.305,0.8568833,8.18E-01,,,,
0.306,0.8620494,8.23E-01,,,,
0.307,0.8672166,8.29E-01,,,,
0.308,0.8723929,8.33E-01,,,,
0.309,0.8775833,8.39E-01,,,,
0.31,0.8827882,8.46E-01,,,,
0.311,0.888019,8.52E-01,,,,
0.312,0.893254,8.59E-01,,,,
0.313,0.8985072,8.66E-01,,,,
0.314,0.9037751,8.71E-01,,,,
0.315,0.9090532,8.76E-01,,,,
0.316,0.9143492,8.79E-01,,,,
0.317,0.9197039,8.81E-01,,,,
0.318,0.9249935,8.82E-01,,,,
0.319,0.9303634,8.86E-01,,,,
0.32,0.9356961,8.89E-01,,,,
0.321,0.9410658,8.96E-01,,,,
0.322,0.9464989,9.03E-01,,,,
0.323,0.9518751,9.07E-01,,,,
0.324,0.9573109,9.11E-01,,,,
0.325,0.9627425,9.15E-01,,,,
0.326,0.968169,9.20E-01,,,,
0.327,0.9736342,9.26E-01,,,,
0.328,0.9790665,9.31E-01,,,,
0.329,0.9845455,9.42E-01,,,,
0.33,0.9900354,9.47E-01,,,,
0.331,0.9955426,9.56E-01,,,,
0.332,1.00105,9.62E-01,,,,
0.333,1.00657,9.73E-01,,,,
0.334,1.012103,9.81E-01,,,,
0.335,1.01767,9.84E-01,,,,
0.336,1.023234,9.91E-01,,,,
0.337,1.0288,9.98E-01,,,,
0.338,1.034389,1.00E+00,,,,
0.339,1.040004,1.01E+00,,,,
0.34,1.045646,1.02E+00,,,,
0.341,1.051284,1.02E+00,,,,
0.342,1.056877,1.02E+00,,,,
0.343,1.062533,1.03E+00,,,,
0.344,1.068186,1.03E+00,,,,
0.345,1.073861,1.01E+00,,,,
0.346,1.079559,1.04E+00,,,,
0.347,1.085158,1.03E+00,,,,
0.348,1.090835,1.03E+00,,,,
0.349,1.096511,1.05E+00,,,,
0.35,1.102189,1.06E+00,,,,
0.351,1.10788,1.06E+00,,,,
0.352,1.11358,1.07E+00,,,,
0.353,1.119298,1.07E+00,,,,
0.354,1.125034,1.07E+00,,,,
0.355,1.130786,1.08E+00,,,,
0.356,1.136527,1.09E+00,,,,
0.357,1.142275,1.09E+00,,,,
0.358,1.148047,1.09E+00,,,,
0.359,1.153844,1.10E+00,,,,
0.36,1.159655,1.11E+00,,,,
0.361,1.165533,1.11E+00,,,,
0.362,1.171308,1.12E+00,,,,
0.363,1.177112,1.13E+00,,,,
0.364,1.183027,1.14E+00,,,,
0.365,1.188846,1.14E+00,,,,
0.366,1.19476,1.15E+00,,,,
0.367,1.200562,1.16E+00,,,,
0.368,1.206499,1.16E+00,,,,
0.369,1.212393,1.17E+00,,,,
0.37,1.218249,1.18E+00,,,,
0.371,1.224207,1.19E+00,,,,
0.372,1.230087,1.19E+00,,,,
0.373,1.236023,1.20E+00,,,,
0.374,1.241951,1.20E+00,,,,
0.375,1.247886,1.21E+00,,,,
0.376,1.253864,1.22E+00,,,,
0.377,1.259749,1.23E+00,,,,
0.378,1.265738,1.23E+00,,,,
0.379,1.271747,1.24E+00,,,,
0.38,1.277648,1.24E+00,,,,
0.381,1.28366,1.25E+00,,,,
0.382,1.289661,1.25E+00,,,,
0.383,1.295662,1.26E+00,,,,
0.384,1.301678,1.27E+00,,,,
0.385,1.307734,1.27E+00,,,,
0.386,1.313758,1.28E+00,,,,
0.387,1.319776,1.29E+00,,,,
0.388,1.325858,1.29E+00,,,,
0.389,1.331889,1.30E+00,,,,
0.39,1.337916,1.30E+00,,,,
0.391,1.344035,1.30E+00,,,,
0.392,1.350112,1.31E+00,,,,
0.393,1.356244,1.31E+00,,,,
0.394,1.362351,1.32E+00,,,,
0.395,1.368422,1.33E+00,,,,
0.396,1.374598,1.33E+00,,,,
0.397,1.380727,1.34E+00,,,,
0.398,1.386871,1.34E+00,,,,
0.399,1.393032,1.35E+00,,,,
0.4,1.399197,1.36E+00,,,,
0.401,1.405366,1.37E+00,,,,
0.402,1.411547,1.38E+00,,,,
0.403,1.417738,1.39E+00,,,,
0.404,1.423937,1.39E+00,,,,
0.405,1.430135,1.40E+00,,,,
0.406,1.436354,1.41E+00,,,,
0.407,1.442608,1.41E+00,,,,
0.408,1.448832,1.42E+00,,,,
0.409,1.455107,1.42E+00,,,,
0.41,1.461368,1.43E+00,,,,
0.411,1.467637,1.44E+00,,,,
0.412,1.473889,1.45E+00,,,,
0.413,1.480176,1.45E+00,,,,
0.414,1.486473,1.46E+00,,,,
0.415,1.492777,1.47E+00,,,,
0.416,1.499085,1.48E+00,,,,
0.417,1.505403,1.49E+00,,,,
0.418,1.511725,1.49E+00,,,,
0.419,1.518055,1.50E+00,,,,
0.42,1.524407,1.51E+00,,,,
0.421,1.530757,1.52E+00,,,,
0.422,1.537113,1.53E+00,,,,
0.423,1.543477,1.54E+00,,,,
0.424,1.549848,1.55E+00,,,,
0.425,1.556225,1.55E+00,,,,
0.426,1.562611,1.55E+00,,,,
0.427,1.568992,1.56E+00,,,,
0.428,1.575396,1.56E+00,,,,
0.429,1.581732,1.57E+00,,,,
0.43,1.588152,1.58E+00,,,,
0.431,1.594573,1.59E+00,,,,
0.432,1.601026,1.59E+00,,,,
0.433,1.60747,1.60E+00,,,,
0.434,1.613908,1.60E+00,,,,
0.435,1.620338,1.61E+00,,,,
0.436,1.626787,1.61E+00,,,,
0.437,1.633265,1.61E+00,,,,
0.438,1.639726,1.61E+00,,,,
0.439,1.646219,1.62E+00,,,,
0.44,1.652709,1.63E+00,,,,
0.441,1.659203,1.63E+00,,,,
0.442,1.665706,1.64E+00,,,,
0.443,1.672224,1.64E+00,,,,
0.444,1.678717,1.65E+00,,,,
0.445,1.685228,1.66E+00,,,,
0.446,1.691815,1.66E+00,,,,
0.447,1.698333,1.67E+00,,,,
0.448,1.704774,1.68E+00,,,,
0.449,1.711381,1.68E+00,,,,
0.45,1.717912,1.69E+00,,,,
0.451,1.724445,1.70E+00,,,,
0.452,1.730986,1.70E+00,,,,
0.453,1.737526,1.71E+00,,,,
0.454,1.74408,1.72E+00,,,,
0.455,1.750613,1.72E+00,,,,
0.456,1.757176,1.73E+00,,,,
0.457,1.763716,1.72E+00,,,,
0.458,1.770257,1.73E+00,,,,
0.459,1.776808,1.74E+00,,,,
0.46,1.7834,1.76E+00,,,,
0.461,1.789951,1.74E+00,,,,
0.462,1.79652,1.74E+00,,,,
0.463,1.803083,1.74E+00,,,,
0.464,1.809661,1.78E+00,,,,
0.465,1.816228,1.78E+00,,,,
0.466,1.822797,1.78E+00,,,,
0.467,1.829362,1.79E+00,,,,
0.468,1.835931,1.79E+00,,,,
0.469,1.842502,1.79E+00,,,,
0.47,1.849083,1.83E+00,,,,
0.471,1.855661,1.84E+00,,,,
0.472,1.86224,1.84E+00,,,,
0.473,1.868822,1.85E+00,,,,
0.474,1.875407,1.85E+00,,,,
0.475,1.881987,1.81E+00,,,,
0.476,1.88858,1.81E+00,,,,
0.477,1.895175,1.82E+00,,,,
0.478,1.901778,1.87E+00,,,,
0.479,1.908372,1.88E+00,,,,
0.48,1.91497,1.89E+00,,,,
0.481,1.921569,1.90E+00,,,,
0.482,1.928168,1.90E+00,,,,
0.483,1.934769,1.91E+00,,,,
0.484,1.941371,1.92E+00,,,,
0.485,1.947977,1.92E+00,,,,
0.486,1.954586,1.93E+00,,,,
0.487,1.9612,1.94E+00,,,,
0.488,1.967815,1.95E+00,,,,
0.489,1.974433,1.95E+00,,,,
0.49,1.981052,1.96E+00,,,,
0.491,1.987674,1.97E+00,,,,
0.492,1.994299,1.97E+00,,,,
0.493,2.000925,1.98E+00,,,,
0.494,2.007555,1.99E+00,,,,
0.495,2.014196,2.00E+00,,,,
0.496,2.020824,2.01E+00,,,,
0.497,2.02746,2.01E+00,,,,
0.498,2.034099,2.02E+00,,,,
0.499,2.040742,2.03E+00,,,,
0.5,2.047382,2.03E+00,,,,
0.501,2.05402,2.04E+00,,,,
0.502,2.060657,2.05E+00,,,,
0.503,2.067291,2.06E+00,,,,
0.504,2.073922,2.07E+00,,,,
0.505,2.080551,2.07E+00,,,,
0.506,2.087178,2.07E+00,,,,
0.507,2.093807,2.08E+00,,,,
0.508,2.100435,2.09E+00,,,,
0.509,2.107058,2.10E+00,,,,
0.51,2.113685,2.11E+00,,,,
0.511,2.120314,2.11E+00,,,,
0.512,2.126945,2.12E+00,,,,
0.513,2.133578,2.12E+00,,,,
0.514,2.140217,2.13E+00,,,,
0.515,2.146861,2.13E+00,,,,
0.516,2.153508,2.14E+00,,,,
0.517,2.160158,2.14E+00,,,,
0.518,2.166809,2.15E+00,,,,
0.519,2.173465,2.15E+00,,,,
0.52,2.180126,2.15E+00,,,,
0.521,2.186792,2.16E+00,,,,
0.522,2.193464,2.16E+00,,,,
0.523,2.200143,2.17E+00,,,,
0.524,2.206829,2.18E+00,,,,
0.525,2.213522,2.18E+00,,,,
0.526,2.220222,2.19E+00,,,,
0.527,2.226931,2.19E+00,,,,
0.528,2.233646,2.20E+00,,,,
0.529,2.240362,2.20E+00,,,,
0.53,2.247086,2.21E+00,,,,
0.531,2.25382,2.21E+00,,,,
0.532,2.26056,2.22E+00,,,,
0.533,2.267306,2.23E+00,,,,
0.534,2.274059,2.23E+00,,,,
0.535,2.28082,2.24E+00,,,,
0.536,2.287587,2.25E+00,,,,
0.537,2.294362,2.26E+00,,,,
0.538,2.301146,2.27E+00,,,,
0.539,2.307929,2.28E+00,,,,
0.54,2.314721,2.28E+00,,,,
0.541,2.321511,2.29E+00,,,,
0.542,2.328305,2.30E+00,,,,
0.543,2.335103,2.31E+00,,,,
0.544,2.341906,2.31E+00,,,,
0.545,2.348715,2.32E+00,,,,
0.546,2.355527,2.33E+00,,,,
0.547,2.362337,2.34E+00,,,,
0.548,2.369148,2.34E+00,,,,
0.549,2.37596,2.35E+00,,,,
0.55,2.382774,2.36E+00,,,,
0.551,2.389591,2.37E+00,,,,
0.552,2.396411,2.38E+00,,,,
0.553,2.403231,2.39E+00,,,,
0.554,2.41005,2.40E+00,,,,
0.555,2.416871,2.41E+00,,,,
0.556,2.423685,2.41E+00,,,,
0.557,2.430502,2.42E+00,,,,
0.558,2.437317,2.42E+00,,,,
0.559,2.444135,2.43E+00,,,,
0.56,2.450953,2.44E+00,,,,
0.561,2.457776,2.44E+00,,,,
0.562,2.464602,2.45E+00,,,,
0.563,2.471434,2.45E+00,,,,
0.564,2.478268,2.46E+00,,,,
0.565,2.485108,2.46E+00,,,,
0.566,2.49196,2.47E+00,,,,
0.567,2.498808,2.47E+00,,,,
0.568,2.505659,2.48E+00,,,,
0.569,2.512515,2.48E+00,,,,
0.57,2.519375,2.49E+00,,,,
0.571,2.526234,2.50E+00,,,,
0.572,2.533092,2.51E+00,,,,
0.573,2.539956,2.52E+00,,,,
0.574,2.54682,2.53E+00,,,,
0.575,2.553685,2.54E+00,,,,
0.576,2.560553,2.55E+00,,,,
0.577,2.567426,2.55E+00,,,,
0.578,2.574299,2.56E+00,,,,
0.579,2.581178,2.56E+00,,,,
0.58,2.588056,2.57E+00,,,,
0.581,2.594932,2.58E+00,,,,
0.582,2.601805,2.58E+00,,,,
0.583,2.608675,2.59E+00,,,,
0.584,2.61554,2.60E+00,,,,
0.585,2.622398,2.61E+00,,,,
0.586,2.62925,2.61E+00,,,,
0.587,2.636099,2.62E+00,,,,
0.588,2.642943,2.63E+00,,,,
0.589,2.649784,2.64E+00,,,,
0.59,2.65662,2.65E+00,,,,
0.591,2.663451,2.66E+00,,,,
0.592,2.670275,2.66E+00,,,,
0.593,2.677092,2.67E+00,,,,
0.594,2.683895,2.67E+00,,,,
0.595,2.690694,2.68E+00,,,,
0.596,2.697486,2.69E+00,,,,
0.597,2.704271,2.69E+00,,,,
0.598,2.711049,2.69E+00,,,,
0.599,2.717817,2.70E+00,,,,
0.6,2.724575,2.70E+00,,,,
0.601,2.731323,2.70E+00,,,,
0.602,2.73806,2.71E+00,,,,
0.603,2.744786,2.71E+00,,,,
0.604,2.751504,2.71E+00,,,,
0.605,2.758216,2.71E+00,,,,
0.606,2.764921,2.72E+00,,,,
0.607,2.771627,2.72E+00,,,,
0.608,2.778329,2.73E+00,,,,
0.609,2.785026,2.73E+00,,,,
0.61,2.791721,2.73E+00,,,,
0.611,2.798414,2.73E+00,,,,
0.612,2.805107,2.74E+00,,,,
0.613,2.811799,2.75E+00,,,,
0.614,2.818492,2.74E+00,,,,
0.615,2.825195,2.76E+00,,,,
0.616,2.831896,2.76E+00,,,,
0.617,2.838598,2.77E+00,,,,
0.618,2.845299,2.78E+00,,,,
0.619,2.852001,2.78E+00,,,,
0.62,2.858706,2.79E+00,,,,
0.621,2.865416,2.80E+00,,,,
0.622,2.87213,2.81E+00,,,,
0.623,2.878846,2.81E+00,,,,
0.624,2.885566,2.82E+00,,,,
0.625,2.892292,2.83E+00,,,,
0.626,2.899025,2.84E+00,,,,
0.627,2.905774,2.85E+00,,,,
0.628,2.912518,2.86E+00,,,,
0.629,2.919269,2.87E+00,,,,
0.63,2.926025,2.87E+00,,,,
0.631,2.932804,2.88E+00,,,,
0.632,2.939569,2.89E+00,,,,
0.633,2.946341,2.90E+00,,,,
0.634,2.953097,2.91E+00,,,,
0.635,2.959896,2.92E+00,,,,
0.636,2.96668,2.92E+00,,,,
0.637,2.973449,2.93E+00,,,,
0.638,2.980239,2.94E+00,,,,
0.639,2.987043,2.94E+00,,,,
0.64,2.993828,2.95E+00,,,,
0.641,3.000607,2.96E+00,,,,
0.642,3.007391,2.96E+00,,,,
0.643,3.01417,2.97E+00,,,,
0.644,3.020949,2.97E+00,,,,
0.645,3.027726,2.98E+00,,,,
0.646,3.034497,2.99E+00,,,,
0.647,3.041261,3.00E+00,,,,
0.648,3.048025,3.00E+00,,,,
0.649,3.054781,3.01E+00,,,,
0.65,3.061517,3.01E+00,,,,
0.651,3.06826,3.01E+00,,,,
0.652,3.075014,3.01E+00,,,,
0.653,3.081751,3.02E+00,,,,
0.654,3.088483,3.03E+00,,,,
0.655,3.095209,3.03E+00,,,,
0.656,3.101918,3.03E+00,,,,
0.657,3.108636,3.04E+00,,,,
0.658,3.115353,3.04E+00,,,,
0.659,3.122066,3.04E+00,,,,
0.66,3.128772,3.05E+00,,,,
0.661,3.135474,3.06E+00,,,,
0.662,3.142173,3.07E+00,,,,
0.663,3.148869,3.07E+00,,,,
0.664,3.155562,3.07E+00,,,,
0.665,3.162257,3.08E+00,,,,
0.666,3.168954,3.08E+00,,,,
0.667,3.175652,3.10E+00,,,,
0.668,3.182354,3.11E+00,,,,
0.669,3.189054,3.12E+00,,,,
0.67,3.195756,3.12E+00,,,,
0.671,3.202462,3.12E+00,,,,
0.672,3.209171,3.14E+00,,,,
0.673,3.215878,3.15E+00,,,,
0.674,3.222584,3.16E+00,,,,
0.675,3.229293,3.17E+00,,,,
0.676,3.236003,3.18E+00,,,,
0.677,3.242717,3.19E+00,,,,
0.678,3.249432,3.20E+00,,,,
0.679,3.256149,3.21E+00,,,,
0.68,3.262863,3.22E+00,,,,
0.681,3.269576,3.22E+00,,,,
0.682,3.276287,3.21E+00,,,,
0.683,3.282993,3.22E+00,,,,
0.684,3.289697,3.23E+00,,,,
0.685,3.2964,3.24E+00,,,,
0.686,3.303112,3.27E+00,,,,
0.687,3.309808,3.27E+00,,,,
0.688,3.316508,3.27E+00,,,,
0.689,3.323203,3.28E+00,,,,
0.69,3.329894,3.28E+00,,,,
0.691,3.336576,3.28E+00,,,,
0.692,3.343259,3.29E+00,,,,
0.693,3.349944,3.30E+00,,,,
0.694,3.35663,3.30E+00,,,,
0.695,3.363318,3.31E+00,,,,
0.696,3.370006,3.31E+00,,,,
0.697,3.376692,3.32E+00,,,,
0.698,3.383375,3.34E+00,,,,
0.699,3.390058,3.34E+00,,,,
0.7,3.396739,3.34E+00,,,,
0.701,3.403418,3.35E+00,,,,
0.702,3.410096,3.35E+00,,,,
0.703,3.416775,3.35E+00,,,,
0.704,3.423455,3.35E+00,,,,
0.705,3.430133,3.36E+00,,,,
0.706,3.436813,3.36E+00,,,,
0.707,3.443496,3.36E+00,,,,
0.708,3.450177,3.37E+00,,,,
0.709,3.456856,3.37E+00,,,,
0.71,3.463535,3.38E+00,,,,
0.711,3.470214,3.38E+00,,,,
0.712,3.476892,3.39E+00,,,,
0.713,3.483578,3.38E+00,,,,
0.714,3.49024,3.39E+00,,,,
0.715,3.496914,3.40E+00,,,,
0.716,3.503607,3.39E+00,,,,
0.717,3.510297,3.41E+00,,,,
0.718,3.516979,3.41E+00,,,,
0.719,3.523665,3.43E+00,,,,
0.72,3.530346,3.43E+00,,,,
0.721,3.537066,3.49E+00,,,,
0.722,3.543766,3.49E+00,,,,
0.723,3.550471,3.50E+00,,,,
0.724,3.557182,3.51E+00,,,,
0.725,3.563892,3.52E+00,,,,
0.726,3.570595,3.53E+00,,,,
0.727,3.577329,3.54E+00,,,,
0.728,3.584066,3.54E+00,,,,
0.729,3.590782,3.55E+00,,,,
0.73,3.597519,3.56E+00,,,,
0.731,3.604246,3.57E+00,,,,
0.732,3.610972,3.58E+00,,,,
0.733,3.617702,3.59E+00,,,,
0.734,3.624427,3.60E+00,,,,
0.735,3.631169,3.61E+00,,,,
0.736,3.637908,3.62E+00,,,,
0.737,3.644653,3.62E+00,,,,
0.738,3.651387,3.63E+00,,,,
0.739,3.658135,3.64E+00,,,,
0.74,3.664876,3.64E+00,,,,
0.741,3.671628,3.65E+00,,,,
0.742,3.678378,3.66E+00,,,,
0.743,3.685134,3.66E+00,,,,
0.744,3.691896,3.67E+00,,,,
0.745,3.698659,3.68E+00,,,,
0.746,3.705423,3.68E+00,,,,
0.747,3.712186,3.69E+00,,,,
0.748,3.718947,3.70E+00,,,,
0.749,3.725709,3.71E+00,,,,
0.75,3.732467,3.72E+00,,,,
0.751,3.739225,3.73E+00,,,,
0.752,3.745976,3.74E+00,,,,
0.753,3.752725,3.75E+00,,,,
0.754,3.759471,3.76E+00,,,,
0.755,3.766213,3.76E+00,,,,
0.756,3.772951,3.77E+00,,,,
0.757,3.779692,3.78E+00,,,,
0.758,3.786434,3.79E+00,,,,
0.759,3.793192,3.80E+00,,,,
0.76,3.799949,3.81E+00,,,,
0.761,3.806701,3.81E+00,,,,
0.762,3.813446,3.82E+00,,,,
0.763,3.820192,3.82E+00,,,,
0.764,3.826926,3.84E+00,,,,
0.765,3.833656,3.84E+00,,,,
0.766,3.840379,3.84E+00,,,,
0.767,3.847095,3.85E+00,,,,
0.768,3.85381,3.85E+00,,,,
0.769,3.860522,3.86E+00,,,,
0.77,3.867228,3.87E+00,,,,
0.771,3.873937,3.87E+00,,,,
0.772,3.880642,3.87E+00,,,,
0.773,3.887344,3.88E+00,,,,
0.774,3.894043,3.88E+00,,,,
0.775,3.900739,3.88E+00,,,,
0.776,3.907434,3.89E+00,,,,
0.777,3.914124,3.88E+00,,,,
0.778,3.920811,3.89E+00,,,,
0.779,3.92749,3.89E+00,,,,
0.78,3.934165,3.89E+00,,,,
0.781,3.940839,3.89E+00,,,,
0.782,3.947514,3.89E+00,,,,
0.783,3.954179,3.89E+00,,,,
0.784,3.960839,3.90E+00,,,,
0.785,3.967497,3.90E+00,,,,
0.786,3.974153,3.91E+00,,,,
0.787,3.980808,3.91E+00,,,,
0.788,3.98746,3.91E+00,,,,
0.789,3.994113,3.92E+00,,,,
0.79,4.000766,3.92E+00,,,,
0.791,4.007418,3.93E+00,,,,
0.792,4.014073,3.93E+00,,,,
0.793,4.020726,3.94E+00,,,,
0.794,4.027382,3.95E+00,,,,
0.795,4.03406,3.99E+00,,,,
0.796,4.040704,3.96E+00,,,,
0.797,4.047379,4.01E+00,,,,
0.798,4.054043,4.02E+00,,,,
0.799,4.060712,4.03E+00,,,,
0.8,4.067379,4.04E+00,,,,
0.801,4.074052,4.05E+00,,,,
0.802,4.080729,4.06E+00,,,,
0.803,4.087412,4.07E+00,,,,
0.804,4.09412,4.08E+00,,,,
0.805,4.100805,4.09E+00,,,,
0.806,4.107469,4.10E+00,,,,
0.807,4.114154,4.10E+00,,,,
0.808,4.120868,4.11E+00,,,,
0.809,4.127557,4.12E+00,,,,
0.81,4.134255,4.12E+00,,,,
0.811,4.140957,4.13E+00,,,,
0.812,4.147664,4.13E+00,,,,
0.813,4.154372,4.14E+00,,,,
0.814,4.161082,4.15E+00,,,,
0.815,4.167793,4.16E+00,,,,
0.816,4.174501,4.16E+00,,,,
0.817,4.181211,4.17E+00,,,,
0.818,4.187919,4.17E+00,,,,
0.819,4.194629,4.18E+00,,,,
0.82,4.201309,4.18E+00,,,,
0.821,4.208037,4.18E+00,,,,
0.822,4.214736,4.18E+00,,,,
0.823,4.221432,4.19E+00,,,,
0.824,4.228126,4.19E+00,,,,
0.825,4.234819,4.20E+00,,,,
0.826,4.241511,4.20E+00,,,,
0.827,4.248197,4.20E+00,,,,
0.828,4.254886,4.20E+00,,,,
0.829,4.261574,4.21E+00,,,,
0.83,4.268253,4.22E+00,,,,
0.831,4.274947,4.22E+00,,,,
0.832,4.28164,4.23E+00,,,,
0.833,4.288331,4.24E+00,,,,
0.834,4.295028,4.24E+00,,,,
0.835,4.301729,4.25E+00,,,,
0.836,4.308432,4.26E+00,,,,
0.837,4.315141,4.27E+00,,,,
0.838,4.32185,4.27E+00,,,,
0.839,4.328562,4.28E+00,,,,
0.84,4.335277,4.29E+00,,,,
0.841,4.341993,4.30E+00,,,,
0.842,4.348714,4.30E+00,,,,
0.843,4.355436,4.31E+00,,,,
0.844,4.362161,4.32E+00,,,,
0.845,4.368889,4.32E+00,,,,
0.846,4.37562,4.33E+00,,,,
0.847,4.382352,4.34E+00,,,,
0.848,4.389103,4.34E+00,,,,
0.849,4.395841,4.35E+00,,,,
0.85,4.402584,4.35E+00,,,,
0.851,4.409328,4.36E+00,,,,
0.852,4.416071,4.37E+00,,,,
0.853,4.422816,4.37E+00,,,,
0.854,4.429569,4.38E+00,,,,
0.855,4.436329,4.39E+00,,,,
0.856,4.443094,4.40E+00,,,,
0.857,4.449867,4.41E+00,,,,
0.858,4.45664,4.42E+00,,,,
0.859,4.463412,4.39E+00,,,,
0.86,4.47019,4.43E+00,,,,
0.861,4.47697,4.44E+00,,,,
0.862,4.483751,4.45E+00,,,,
0.863,4.490535,4.46E+00,,,,
0.864,4.497321,4.46E+00,,,,
0.865,4.504109,4.47E+00,,,,
0.866,4.510906,4.48E+00,,,,
0.867,4.517707,4.49E+00,,,,
0.868,4.524517,4.50E+00,,,,
0.869,4.531333,4.50E+00,,,,
0.87,4.538154,4.51E+00,,,,
0.871,4.544983,4.51E+00,,,,
0.872,4.551817,4.52E+00,,,,
0.873,4.558656,4.52E+00,,,,
0.874,4.565501,4.53E+00,,,,
0.875,4.572349,4.54E+00,,,,
0.876,4.5792,4.54E+00,,,,
0.877,4.586056,4.54E+00,,,,
0.878,4.592918,4.55E+00,,,,
0.879,4.599784,4.55E+00,,,,
0.88,4.606702,4.57E+00,,,,
0.881,4.61358,4.58E+00,,,,
0.882,4.620457,4.58E+00,,,,
0.883,4.627338,4.59E+00,,,,
0.884,4.634215,4.59E+00,,,,
0.885,4.641096,4.60E+00,,,,
0.886,4.647976,4.60E+00,,,,
0.887,4.654857,4.61E+00,,,,
0.888,4.661739,4.62E+00,,,,
0.889,4.668619,4.62E+00,,,,
0.89,4.675501,4.63E+00,,,,
0.891,4.682385,4.64E+00,,,,
0.892,4.689273,4.65E+00,,,,
0.893,4.696162,4.66E+00,,,,
0.894,4.703056,4.67E+00,,,,
0.895,4.709956,4.68E+00,,,,
0.896,4.716864,4.69E+00,,,,
0.897,4.723778,4.69E+00,,,,
0.898,4.730696,4.70E+00,,,,
0.899,4.737618,4.71E+00,,,,
0.9,4.744537,4.72E+00,,,,
0.901,4.751454,4.72E+00,,,,
0.902,4.758374,4.72E+00,,,,
0.903,4.765299,4.73E+00,,,,
0.904,4.772222,4.74E+00,,,,
0.905,4.779147,4.75E+00,,,,
0.906,4.78607,4.74E+00,,,,
0.907,4.793008,4.76E+00,,,,
0.908,4.799946,4.77E+00,,,,
0.909,4.806886,4.77E+00,,,,
0.91,4.813821,4.78E+00,,,,
0.911,4.820755,4.79E+00,,,,
0.912,4.827686,4.80E+00,,,,
0.913,4.834617,4.81E+00,,,,
0.914,4.841549,4.82E+00,,,,
0.915,4.84848,4.82E+00,,,,
0.916,4.85541,4.83E+00,,,,
0.917,4.862348,4.84E+00,,,,
0.918,4.869285,4.85E+00,,,,
0.919,4.876223,4.86E+00,,,,
0.92,4.883161,4.88E+00,,,,
0.921,4.890101,4.88E+00,,,,
0.922,4.897051,4.89E+00,,,,
0.923,4.904006,4.90E+00,,,,
0.924,4.910966,4.91E+00,,,,
0.925,4.917929,4.91E+00,,,,
0.926,4.924894,4.92E+00,,,,
0.927,4.931864,4.92E+00,,,,
0.928,4.938841,4.93E+00,,,,
0.929,4.94582,4.94E+00,,,,
0.93,4.952804,4.94E+00,,,,
0.931,4.959792,4.95E+00,,,,
0.932,4.966784,4.96E+00,,,,
0.933,4.973782,4.96E+00,,,,
0.934,4.980782,4.97E+00,,,,
0.935,4.987784,4.98E+00,,,,
0.936,4.994786,4.98E+00,,,,
0.937,5.001787,4.99E+00,,,,
0.938,5.00879,5.00E+00,,,,
0.939,5.015796,5.00E+00,,,,
0.94,5.022803,5.01E+00,,,,
0.941,5.029814,5.02E+00,,,,
0.942,5.03683,5.02E+00,,,,
0.943,5.043846,5.03E+00,,,,
0.944,5.050863,5.04E+00,,,,
0.945,5.05788,5.04E+00,,,,
0.946,5.064898,5.05E+00,,,,
0.947,5.071916,5.05E+00,,,,
0.948,5.078934,5.06E+00,,,,
0.949,5.085955,5.07E+00,,,,
0.95,5.092975,5.08E+00,,,,
0.951,5.099991,5.09E+00,,,,
0.952,5.107006,5.10E+00,,,,
0.953,5.11402,5.11E+00,,,,
0.954,5.121033,5.12E+00,,,,
0.955,5.128046,5.13E+00,,,,
0.956,5.135055,5.14E+00,,,,
0.957,5.14207,5.15E+00,,,,
0.958,5.149081,5.15E+00,,,,
0.959,5.156094,5.16E+00,,,,
0.96,5.163109,5.17E+00,,,,
0.961,5.170125,5.18E+00,,,,
0.962,5.177141,5.19E+00,,,,
0.963,5.184157,5.20E+00,,,,
0.964,5.191174,5.21E+00,,,,
0.965,5.198194,5.21E+00,,,,
0.966,5.205212,5.22E+00,,,,
0.967,5.21223,5.22E+00,,,,
0.968,5.219246,5.23E+00,,,,
0.969,5.226255,5.23E+00,,,,
0.97,5.233275,5.24E+00,,,,
0.971,5.240291,5.24E+00,,,,
0.972,5.247303,5.25E+00,,,,
0.973,5.254312,5.25E+00,,,,
0.974,5.261328,5.26E+00,,,,
0.975,5.268341,5.27E+00,,,,
0.976,5.275359,5.28E+00,,,,
0.977,5.282377,5.28E+00,,,,
0.978,5.289397,5.29E+00,,,,
0.979,5.296413,5.29E+00,,,,
0.98,5.303433,5.30E+00,,,,
0.981,5.310455,5.30E+00,,,,
0.982,5.317477,5.31E+00,,,,
0.983,5.324497,5.31E+00,,,,
0.984,5.331511,5.32E+00,,,,
0.985,5.338519,5.32E+00,,,,
0.986,5.345529,5.33E+00,,,,
0.987,5.352539,5.34E+00,,,,
0.988,5.359551,5.34E+00,,,,
0.989,5.366564,5.35E+00,,,,
0.99,5.37358,5.36E+00,,,,
0.991,5.380595,5.36E+00,,,,
0.992,5.387607,5.37E+00,,,,
0.993,5.394619,5.38E+00,,,,
0.994,5.40163,5.38E+00,,,,
0.995,5.408643,5.39E+00,,,,
0.996,5.415658,5.40E+00,,,,
0.997,5.422675,5.41E+00,,,,
0.998,5.429706,5.42E+00,,,,
0.999,5.436728,5.43E+00,,,,
1,5.443751,5.43E+00,,,,
1.001,5.450771,5.44E+00,,,,
1.002,5.457788,5.45E+00,,,,
1.003,5.464806,5.46E+00,,,,
1.004,5.47182,5.45E+00,,,,
1.005,5.478839,5.45E+00,,,,
1.006,5.485859,5.46E+00,,,,
1.007,5.49288,5.46E+00,,,,
1.008,5.499904,5.46E+00,,,,
1.009,5.506929,5.46E+00,,,,
1.01,5.513956,5.47E+00,,,,
1.011,5.520989,5.50E+00,,,,
1.012,5.528017,5.51E+00,,,,
1.013,5.53504,5.52E+00,,,,
1.014,5.542062,5.53E+00,,,,
1.015,5.549085,5.53E+00,,,,
1.016,5.556109,5.54E+00,,,,
1.017,5.56313,5.55E+00,,,,
1.018,5.570148,5.56E+00,,,,
1.019,5.577164,5.57E+00,,,,
1.02,5.584177,5.58E+00,,,,
1.021,5.591186,5.59E+00,,,,
1.022,5.598192,5.60E+00,,,,
1.023,5.605199,5.60E+00,,,,
1.024,5.612206,5.61E+00,,,,
1.025,5.619209,5.62E+00,,,,
1.026,5.626213,5.62E+00,,,,
1.027,5.63322,5.63E+00,,,,
1.028,5.640226,5.63E+00,,,,
1.029,5.647233,5.64E+00,,,,
1.03,5.654242,5.65E+00,,,,
1.031,5.661263,5.66E+00,,,,
1.032,5.668273,5.67E+00,,,,
1.033,5.675282,5.67E+00,,,,
1.034,5.682291,5.68E+00,,,,
1.035,5.689299,5.68E+00,,,,
1.036,5.696292,5.69E+00,,,,
1.037,5.703293,5.69E+00,,,,
1.038,5.710294,5.69E+00,,,,
1.039,5.717294,5.70E+00,,,,
1.04,5.724294,5.70E+00,,,,
1.041,5.731292,5.71E+00,,,,
1.042,5.73829,5.71E+00,,,,
1.043,5.745288,5.72E+00,,,,
1.044,5.752287,5.73E+00,,,,
1.045,5.759286,5.73E+00,,,,
1.046,5.766283,5.74E+00,,,,
1.047,5.773282,5.75E+00,,,,
1.048,5.780308,5.75E+00,,,,
1.049,5.787314,5.76E+00,,,,
1.05,5.794333,5.76E+00,,,,
1.051,5.801365,5.77E+00,,,,
1.052,5.808403,5.77E+00,,,,
1.053,5.815444,5.78E+00,,,,
1.054,5.822481,5.78E+00,,,,
1.055,5.829519,5.79E+00,,,,
1.056,5.836555,5.79E+00,,,,
1.057,5.843583,5.80E+00,,,,
1.058,5.850621,5.81E+00,,,,
1.059,5.857663,5.82E+00,,,,
1.06,5.864707,5.83E+00,,,,
1.061,5.871752,5.84E+00,,,,
1.062,5.878798,5.84E+00,,,,
1.063,5.885848,5.85E+00,,,,
1.064,5.8929,5.86E+00,,,,
1.065,5.899962,5.87E+00,,,,
1.066,5.907034,5.87E+00,,,,
1.067,5.914102,5.88E+00,,,,
1.068,5.921175,5.89E+00,,,,
1.069,5.928249,5.89E+00,,,,
1.07,5.935316,5.90E+00,,,,
1.071,5.942386,5.91E+00,,,,
1.072,5.949461,5.91E+00,,,,
1.073,5.956539,5.92E+00,,,,
1.074,5.963608,5.93E+00,,,,
1.075,5.970679,5.94E+00,,,,
1.076,5.977758,5.94E+00,,,,
1.077,5.984847,5.95E+00,,,,
1.078,5.991934,5.95E+00,,,,
1.079,5.999021,5.96E+00,,,,
1.08,6.006104,5.97E+00,,,,
1.081,6.013189,5.97E+00,,,,
1.082,6.020273,5.98E+00,,,,
1.083,6.027356,5.99E+00,,,,
1.084,6.034439,6.00E+00,,,,
1.085,6.041519,6.01E+00,,,,
1.086,6.048597,6.02E+00,,,,
1.087,6.055671,6.03E+00,,,,
1.088,6.062747,6.04E+00,,,,
1.089,6.069822,6.04E+00,,,,
1.09,6.076903,6.05E+00,,,,
1.091,6.083978,6.05E+00,,,,
1.092,6.091077,6.06E+00,,,,
1.093,6.098106,6.07E+00,,,,
1.094,6.105168,6.08E+00,,,,
1.095,6.112225,6.08E+00,,,,
1.096,6.119278,6.09E+00,,,,
1.097,6.126328,6.10E+00,,,,
1.098,6.133377,6.10E+00,,,,
1.099,6.140425,6.11E+00,,,,
1.1,6.147469,6.11E+00,,,,
1.101,6.154526,6.12E+00,,,,
1.102,6.161586,6.13E+00,,,,
1.103,6.168624,6.14E+00,,,,
1.104,6.175655,6.14E+00,,,,
1.105,6.18269,6.15E+00,,,,
1.106,6.189718,6.16E+00,,,,
1.107,6.196763,6.17E+00,,,,
1.108,6.203786,6.17E+00,,,,
1.109,6.210807,6.18E+00,,,,
1.11,6.217862,6.19E+00,,,,
1.111,6.224862,6.19E+00,,,,
1.112,6.231884,6.20E+00,,,,
1.113,6.238896,6.21E+00,,,,
1.114,6.245877,6.21E+00,,,,
1.115,6.25291,6.22E+00,,,,
1.116,6.259914,6.22E+00,,,,
1.117,6.266888,6.23E+00,,,,
1.118,6.273958,6.24E+00,,,,
1.119,6.280945,6.25E+00,,,,
1.12,6.287929,6.26E+00,,,,
1.121,6.294944,6.27E+00,,,,
1.122,6.302003,6.28E+00,,,,
1.123,6.308968,6.29E+00,,,,
1.124,6.315977,6.30E+00,,,,
1.125,6.322993,6.31E+00,,,,
1.126,6.329976,6.32E+00,,,,
1.127,6.337038,6.33E+00,,,,
1.128,6.343993,6.34E+00,,,,
1.129,6.351012,6.34E+00,,,,
1.13,6.358026,6.35E+00,,,,
1.131,6.364992,6.36E+00,,,,
1.132,6.372026,6.37E+00,,,,
1.133,6.379012,6.37E+00,,,,
1.134,6.386027,6.38E+00,,,,
1.135,6.393058,6.39E+00,,,,
1.136,6.400023,6.39E+00,,,,
1.137,6.407022,6.40E+00,,,,
1.138,6.414031,6.41E+00,,,,
1.139,6.42102,6.41E+00,,,,
1.14,6.428014,6.42E+00,,,,
1.141,6.43501,6.43E+00,,,,
1.142,6.442006,6.43E+00,,,,
1.143,6.448999,6.44E+00,,,,
1.144,6.455989,6.45E+00,,,,
1.145,6.462978,6.45E+00,,,,
1.146,6.469965,6.46E+00,,,,
1.147,6.476949,6.46E+00,,,,
1.148,6.483931,6.47E+00,,,,
